text,label,novel
my old computer is not working anymore and i want a new one with sleek design and great display.,1,0
i cannot put a thick laptop into my bag.,1,0
i want a computer that do super fast startup and have a good processor.,1,0
the computer should have both reasonable price and performance.,1,0
i am in need of a new computer that has a good processor and a practical appearance.,1,0
i need an inexpensive device for school.,1,0
my old computer has broken down and i am finding a new one that is easily upgradable with a high performance-cost ratio.,1,0
"i need a computer that runs silently with a good battery life, also it should stay within my budget.",1,0
i need a good looking computer which stays within my budget.,1,0
i don't want my old computer anymore and i am finding a new one that boots fast.,1,0
i need to have the best use of money for the best computer.,1,0
i want to buy a new gaming laptop for myself that play games well and have a large storage.,1,0
our old computer are not fast enough so we need some new one with higher performance-cost ratio.,1,0
i am buying a new laptop for my daughter's graduation and it should be fast and have beautiful colours.,1,0
i am finding a family laptop for my home and i want one that come with high performance-cost ratio.,1,0
i am finding a fast laptop with a high performance-cost ratio.,1,0
i am willing to do some research for a good computer and currently i am finding one that play games with good frame rate.,1,0
i need to replace my old computer so i need a new computer with excellent cpu.,1,0
my old tablet finally died and i need a new one that comes with the right price.,1,0
i am finding myself a new computer that has an amazing screen with a high performance-cost ratio.,1,0
my regular computer needs repairment so i am finding a new one with nice display in a low cost.,1,0
i am finding a fast computer.,1,0
"i like things that are good looking, my new computer should not be left out.",1,0
i am working to find the best price for the best computer.,1,0
i need a new computer that my video games can function well on it.,1,0
i want to find a fast computer for my cousin.,1,0
i am finding for a nice laptop that is slim and fast.,1,0
my old computer needs replacement and the new one should be fast and has a perfect size.,1,0
i am finding a new computer for myself.,1,0
a computer with a high performance-cost ratio is what i want.,1,0
i want a light computer but it should have a large screen.,1,0
i need a light and fast computer with a high-resolution screen.,1,0
i need a computer with great performance and cost.,1,0
it is time to replace my old computer to a quicker one with a better performance-cost ratio.,1,0
i have limited budget for a good computer.,1,0
my old computer is still going on well but i decided to go on with a new one with a longer battery life.,1,0
i need a nice looking computer.,1,0
i need a engineering work station so the computer should be fast.,1,0
specs are what i look into when buying a new computer so the keyboard and trackpad must be decent.,1,0
"i don't do gaming so i just need a nice, clear touchscreen.",1,0
i have got big hands so i need huge touchscreen and keyboard.,1,0
i am replacing an old computer and the new one should come with great price.,1,0
my old computer is not working and i am finding a computer with a high performance-cost ratio.,1,0
my wife wants to play more demanding games so she needs a computer that handles games well and quick.,1,0
i am looking for a new economical computer for myself and it should bootup fast and have a beautiful display.,1,0
i want to change my old computer and i need a fast one with excellent battery life.,1,0
i would like to have a new computer that has great colours.,1,0
i would carry my computer around so it would be great to be thin.,1,0
i have a few points to note for a perfect laptop.,1,0
i don't mind spending more money for a good computer.,1,0
i need a replacement for my recently died computer and i want it to be easy to setup the new computer.,1,0
"my computer should be fast and accessible, and should have a good graphic performance.",1,0
i need a computer which is fast and light.,1,0
i need a business flagship with a great price.,1,0
my girlfriend needs a computer that has a good design and a high performance-cost ratio.,1,0
i am an engineering student and am finding myself a fast computer with superb specs.,1,0
my wife asks me to buy her an economical yet powerful computer.,1,0
i am looking for a computer that will boot fast and play games with ease.,1,0
i need to have plenty of ports on the computer.,1,0
i want the computer to run fast while i am at school.,1,0
i want to find a computer with high performance-cost ratio that would be perfect to use in trips.,1,0
i am looking for a computer with high performance-cost ratio.,1,0
i am finding a new laptop for myself that has a high performance-cost ratio.,1,0
i need a light computer.,1,0
my old computer just died and i need one that startup smoothly.,1,0
i am finding a fast computer.,1,0
i am replacing my old computer and the new one should restart quickly with an excellent price.,1,0
speed is what i look into when purchasing a new computer.,1,0
i don't want to annoy others so i need a quiet computer.,1,0
i do a couple of tasks on my laptop si i want it to run games well with a reasonable price.,1,0
the bootup should be fast on my computer.,1,0
i enjoy gaming and i am finding a laptop that perform well in that.,1,0
i want to play games well on a fast computer.,1,0
"as a fairly active gamer, i need a computer that is solid and bootup fast.",1,0
i need a light computer that is perfect for my business.,1,0
i skype with my friends so i need a good sound output so i hear them clearly.,1,0
i need a new laptop that is fast and has a nice backlit keyboard.,1,0
"i want the computer to stay within a reasonable price range, having a sensible fingerprint sensor and large amount of storage.",1,0
i am finding a new gaming computer for myself and i want it to be fast and upgradeable.,1,0
i am trying to find a new computer that is reasonably priced.,1,0
"i am planning to buy a new laptop and i want to new one to be silent, lightweight and easy to use.",1,0
i hope i can afford a fast computer.,1,0
i like computers with beautiful colour and large screen.,1,0
i am looking for a high quality computer with a great price.,1,0
i am into gaming and i am finding a new computer that is fast and own a gorgeous screen.,1,0
i need some great specs for my computer.,1,0
i am finding the best computer that worth my money.,1,0
i am finding a new computer with nice price and good speed.,1,0
i am finding a beautiful laptop with a good screen size and a full keyboard.,1,0
i need a high performance-cost ratio computer.,1,0
i would use the computer for engineering purposes and it should be good looking and affordable.,1,0
i am buying a slim and lightweight computer for my wife.,1,0
a fast computer that is cheap and easy to use would be my ideal computer.,1,0
"my old computer is not working and i need a light, new computer with a good screen.",1,0
i need the computer to keep cool when i am gaming.,1,0
my old computer isn't working and i need to find a new one that is sleek and light.,1,0
"i need a new laptop for work and it should be affordable, fast and sleek.",1,0
my dream computer is a powerful laptop.,1,0
the computer i want should have high performance-cost ratio and a normal look.,1,0
"i am willing to wait for a computer that fits my needs: small, light and solid.",1,0
i have used my old computer for over 10 years and now i need a nice looking computer.,1,0
i don't want to carry a heavy mechine around.,1,0
i don't have much requirement for my new computer.,1,0
i would like to have a cute laptop with nice design and powerful processor.,1,0
i am not really a gamer but i need a computer that is fast and economical.,1,0
i need a lightweight laptop to bring it around.,1,0
i have so many much more complicated things to do so i hope the setup would be easy.,1,0
i need a computer that run any games well.,1,0
i hope my money is well spent on a high quality computer.,1,0
i won't depend too much on this laptop so i just need it to have a high performance-cost ratio.,1,0
i cannot an expensive computer but i still want it to be solid with good viewing angles.,1,0
i am finding a laptop with a high performance-cost ratio.,1,0
"i am buying a christmas present and it should be quick, solid and light.",1,0
i don't have much money so i would need a computer with reasonable price.,1,0
i am replacing my old computer which i want a new one that has cool design and beautiful display.,1,0
i would do a lot of checks to make sure i buy the fastest computer with the best price.,1,0
i want to have a new laptop of office work and i need it to be lightweight and sleek with good build quality.,1,0
i need a computer with good processor.,1,0
my old computer needs replacement and i want a new one that has a nice screen and good keyboard.,1,0
i need a well-built computer which is light and sleek so i can carry it around.,1,0
i edit photos for a living and that's why the graphics must be great on my computer.,1,0
i want a computer that runs fast.,1,0
i need a new computer that comes with a good price.,1,0
i would like to have a computer with long battery life and can run fast and quietly.,1,0
i have just retired and i am finding a computer for my personal use.,1,0
the computer should be light.,1,0
i would need to have enough ram to store all my files.,1,0
i like gaming so i need a laptop that run games well.,1,0
i need a computer to write my master's papers so i need it to be light and portable to take it around.,1,0
my friend askes me to buy her a lightweight computer.,1,0
i need a fast computer.,1,0
"as a college student, i don't have high expectations on a cheap computer.",1,0
a good looking computer with a great price is what i need.,1,0
i hope my money is well paid for a high performance computer.,1,0
i am finding a computer for myself that is speedy and easy to setup.,1,0
i want to play games with my friends so i need a new computer that can do well in that aspect.,1,0
i care about gaming experience so i want a computer that play games with no problem.,1,0
i am lacking money currently but i need a computer with nice price.,1,0
i have used my old computer for a long time and i am planning to replace it with a new one that has a much faster processing speed.,1,0
i need a thin computer with an appealing design and a light weight.,1,0
i want to have a fast and quiet computer.,1,0
i have tried multiple brands and this time i am finding myself a portable computer.,1,0
i have limited budget and i am finding a computer with fast fingerprint sensor and awesome battery life.,1,0
i need a computer that works good for working and gaming without a high price.,1,0
my step son wants a computer with not much bloatware.,1,0
i want a computer that run games without issues.,1,0
i need a light computer that runs fast.,1,0
i am not sure what computer i should get but i am sure i need one that bootup quickly and display amazingly.,1,0
i need the screen to be great enough but not affecting the weight.,1,0
i want to have a computer that would fit into my bag.,1,0
my budget is limited and i need a computer with a great price.,1,0
i am new to laptop and i need a laptop that has a good touch screen and a big hard drive but a good price.,1,0
i am taking the computer around so i need it to be sleek and lightweight.,1,0
"the computer should be slim, light and looking good.",1,0
i need a fast computer in both typing responsiveness and log in time.,1,0
i have got a lot of files so i need plenty of memory.,1,0
computer is my business and i am finding myself a computer with high performance-cost ratio.,1,0
i am getting a new computer for myself and i need it to be good looking with a great price.,1,0
i want to change my old laptop and something cool that handle most games would be perfect.,1,0
"i am in need of a new computer with a nice screen, a convenient fingerprint reader and good battery life.",1,0
i am just a student so i need a computer with low price.,1,0
i am not having much money at the moment and what i need is a computer with a reasonable price.,1,0
i want a computer with great colour and viewing angles.,1,0
i am a student and am looking for a laptop that has a long battery life and a nice screen.,1,0
speed is important for my computer.,1,0
a quick and responsive computer is what i need.,1,0
i would be willing to pay an affordable price for a computer with amazing sound.,1,0
i am taking the laptop to school so i want it to be light.,1,0
i like to stick to one brand while purchasing computer and this time i want one with unique look.,1,0
i want to find a computer that can navigate fast and easily.,1,0
i need some good price for my computer as i am lacking money.,1,0
a fast computer would be preferrable.,1,0
price is an important element when i purchase a new computer.,1,0
i need a computer with a high-performance-cost ratio.,1,0
i am not satisfied with my old computer and i want a new one that is light and portable.,1,0
i am using the computer for work so i need it to be fast and have bright colours.,1,0
i need a computer as a present for my little brother and he like it to be aesthetically pleasing and response fast.,1,0
i need a fast computer.,1,0
my wife needs a laptop for studying and she wants it to boot up fast and last long with a low cost.,1,0
"i need a new computer that is lightweight, quiet and fast.",1,0
my old computer is too slow and heavy so i want a completely different one.,1,0
i am not having a huge budget and so i need a computer with amazing price.,1,0
"i did a lot of researching and i need a new computer that is fast, cheap, light and slim.",1,0
i am finding a computer for light office work and it should boot up quietly and be easy to set up.,1,0
the computer i need would be the one with strong gpu and hardware.,1,0
i want a new gaming laptop that play my games well with a good price.,1,0
my old computer isn't working so i need a new computer which is fast and responsive.,1,0
i need a new notebook and i want it to be light and easy to use.,1,0
price is what i look into when purchasing a new computer.,1,0
"as a college student, i am finding a sturdy computer with a nice revolving camera.",1,0
i recently hired a new assistant and i want to buy her a handy computer.,1,0
i want to change my old computer and i am finding a new one that is nice looking and has nice backlit keys.,1,0
i need a fast computer,1,0
i need a new computer to go to work so it should be fast and sturdy.,1,0
"i plan to place a new laptop in my home and it should be lightweight, fast and quiet.",1,0
i am finding a replacement for my old computer that a longer battery life is expected.,1,0
i hope the price would be reasonable for a good computer.,1,0
i donâ€™t want my computer to slow down so a no is for those bloatware.,1,0
a fast computer with a reasonable price is what i need.,1,0
i am looking for a nice computer with a low price for everyday use.,1,0
"i need a new work station that is fast, light and good looking.",1,0
a light computer is preferable.,1,0
i am considering changing my old computer and what i want is a computer that run most games well within a reasonable price range.,1,0
"for a light use of laptop, i am finding one that runs quickly with a low cost.",1,0
i need a computer with cool extra hard drive that is fast and clear.,1,0
i use a laptop when i go to school and i need a fast one.,1,0
i need a good functioning fan to be along with my computer.,1,0
i need a computer that can play games fast and smoothly.,1,0
i need a new laptop for grad school and it should be fast and sturdy and great looking.,1,0
i plan to buy a travel notebook so it should be slim and lightweight.,1,0
good specs would make the computer more powerful.,1,0
i am finding a nice computer that would fit my budget.,1,0
i am looking for a new laptop that is fast and comfortable to type on.,1,0
speed is what i concerned when buying a new computer.,1,0
i want to purchase a new computer that is fast and easy to setup.,1,0
i spend long time working on document so it's good to have a non-glare screen.,1,0
i want to save my money for a good computer.,1,0
i am finding myself a new computer that has a good battery life and runs cool.,1,0
i need to bring my computer to school so i hope it would be lightweight.,1,0
the computer i want should run intense games perfectly and have a high performance-cost ratio.,1,0
i want a fast computer with a reasonable price.,1,0
i am leaving my old computer for my family and finding myself a new computer that run games well.,1,0
i am a student so i need a computer that come with the perfect size and run games well.,1,0
i am coming from a high end pc and i need a laptop that plays games well.,1,0
i am irritanted with the other pcs and i want to find one that startup fast with no bloatware.,1,0
i am on budget gaming but i need a computer that turns on quickly.,1,0
my grandson wants a new computer that would be great for gaming.,1,0
i need a functional yet inexpensive model.,1,0
i took hours to do my paper so the computer should have impressive battery life.,1,0
i am new into computer gaming and i want something that runs smoothly with reasonable price.,1,0
i do a lot of travel so i am finding a slim computer that can do well at that.,1,0
i am planning to buy a new computer and i want it to play games well without a high price.,1,0
i want a light computer which can runs fast.,1,0
"i got tired of using the old computer from office so i need a new, fast computer.",1,0
i need a computer that is light and start up fast.,1,0
the old computer is not satisfying so i want to find a new computer that comes with great value.,1,0
i want a light computer with a backlit keyboard and a clear bright screen.,1,0
i hope my money is well spent on a powerful computer.,1,0
i enjoy staying with a high quality brand and now i want a new computer with a good fingerprint sensor and a large amount of storage.,1,0
"i am changing my computer of many years to a thinner, lighter and sleeker version.",1,0
"as a college student, i need a computer that has a large memory and high speed.",1,0
i am not a computer savvy and i want a computer that is easy to use.,1,0
i dislike bloatware so it's better to be none of them.,1,0
"i need to change to a new computer and i want it to have high portability, good display and good battery life.",1,0
i don't have a big budget so i need a computer that comes with a good price.,1,0
i need a fast computer to get my things done quickly.,1,0
i am looking for a new computer that has a sharp screen and a fast hard drive.,1,0
i need a computer with long battery life.,1,0
i need a new computer that is light and thin with the greatest screen size.,1,0
i want a computer with high performance-cost ratio.,1,0
i got to use a lot of graphics and processing-heavy programmes so i hope the computer has no issues with them.,1,0
i am saving money so i want a well priced computer.,1,0
i am finding a new computer that has a high performance-cost ratio.,1,0
i am trying to change my perfence in branding and i need a light computer.,1,0
i am changing from desktop to laptop and i want one that bootup fast with a quiet fan.,1,0
i am a teacher and i need the computer to look top notch.,1,0
"for the money i paid, i hope it come back with a high quality computer.",1,0
i need a definite improvement from my old laptop and i want to be fast without much bloatware.,1,0
"i focus on the appearance of a laptop that it should be sleek, nice looking and light.",1,0
i need a good gaming laptop.,1,0
i do a lot of research online and i am finding a new computer with a reasonable price.,1,0
i need a light computer so i can carry it around.,1,0
i need a computer with good specs.,1,0
i want the computer to provide great performance with games and stay cool while playing.,1,0
"for the specs, i specifically need a near-full-size keyboard and a non-glossy screen.",1,0
i would like to have a light and fast computer.,1,0
i know a lot of things about computer and i am now finding a economical computer for myself.,1,0
i need the computer to be within reasonable price.,1,0
speed is what i consider when purchasing a new computer.,1,0
i like computers with sleek design.,1,0
i am not into waiting so i need a computer that do fast bootup.,1,0
i need the computer to be big for me with a nice sound output.,1,0
i enjoy playing games and i want a new laptop that is good for gaming with a great price.,1,0
i have limited budget on my new computer so it should have a great price.,1,0
"i am finding a new laptop that is solid, quick and economical.",1,0
i don't have much requirement on my new computer but i want it to be easy to setup.,1,0
i don't have much criteria for my new computer.,1,0
i need the best use of my money on a good computer.,1,0
a computer with high performance-cost ratio is what i need.,1,0
i want a computer that bring up my application quickly and i can work on a large screen with sharp imaging.,1,0
i need the computer to be light enough that i can carry it around.,1,0
i look into various factors while buying my new computer.,1,0
i want a compact computer which can do fast browsing.,1,0
i expect to see some good pictures on the screen.,1,0
i want to computer to have a low price.,1,0
i am looking for a different brand from my current computer which would be fast and well priced.,1,0
i am finding myself a new laptop that is cheap and fast.,1,0
"my old computer needs replacement and i want the new computer to come with a quiet keyboard and well spaced, sized keys.",1,0
my husband has to go for business trip so he needs a laptop with perfect size.,1,0
i have got some expectations on my new computer as i need an amazing monitor and a good keyboard.,1,0
i do streaming and gaming so i am finding a new laptop that does perfectly in both aspects.,1,0
i need a great computer for work that comes with a high performance-cost ratio.,1,0
a good hard disk with a reasonable price is what i need.,1,0
"i am finding a replacement for my old computer and i want a new one that run games perfectly and incredibly fast, but with a great price.",1,0
i need a new computer to support my work that is solidly built with low cost.,1,0
my old computer is too slow and heavy so i need a new one.,1,0
i do coding and i want a computer with a nicely-spaced backlit keyboard with quiet keys.,1,0
a cool computer which can run fast is what i need.,1,0
i want to have a new computer that is light and fast with a good screen size.,1,0
my old computer doesn't work for me anymore so i need a new one with decent touch screen and sound.,1,0
i need a fast computer with high performance-cost ratio.,1,0
my old computer doesn't work for me anymore and i need a responsive one with high performance-cost ratio.,1,0
my old computer needs replacement and the new one should come with good speakers and video quality with a low cost.,1,0
i need a computer that has solid performance with reasonable price.,1,0
i want a computer with high speed and a tiny power adapter.,1,0
i am finding some recommendations for a new computer that is fast and have both nice cooling system and battery life.,1,0
"my dream computer would the one with marvellous design, pleasing audio system and amazing specs.",1,0
my old computer is not working and i need a new with good size and colour.,1,0
i would like to have a sleek design for my next computer.,1,0
i would look into the specs the computer comes with so it should have a large hard drive and a decent ram.,1,0
i used to use pcs but now i want a laptop with good hardware.,1,0
the computer i want should have excellent thermals and graphics.,1,0
i am finding the best computer with the most reasonable price that can run games smoothly.,1,0
i look into many reviews and all i want is a computer that is hast and cheap.,1,0
my wife and i want to change the computer of our home and we are finding a computer that works quietly and fast.,1,0
i am finding a fast computer that runs smoothly.,1,0
i want a fast computer with a good shell.,1,0
i am finding a new computer that the keyboard is nice looking and comfortable.,1,0
i need a good computer with good price.,1,0
i want a computer that is lightweight and fast.,1,0
the money i paid should be exchanged for the best computer.,1,0
i would have no complaints as long as the new computer would start up in seconds.,1,0
i need a computer within my budget.,1,0
my old computer died so i need a new one immdiately with good picture and sound in a right price.,1,0
i would use the laptop on a daily basis and there should be a lot of ram.,1,0
a well-priced computer would be perfect for me.,1,0
i want to have the best use of the money i would spend on the computer.,1,0
i need a new computer for myself that is light but has a huge screen with decent graphics.,1,0
"my old computer doesn't serve me anymore and i am getting myself a new one with good specs, good design and good build quality.",1,0
i work for a long time so the battery life should be long enough to support my work.,1,0
i cannot play certain games with my friend on my old computer so i need a new laptop that play games well and stay in a good price.,1,0
i need to replace my old computer and i need the new one to be cost effective with a big screen.,1,0
i want to try something new that come with a cool touchscreen and sturdy hinges.,1,0
i want to gift a nicely priced computer to my brother-in-law.,1,0
i am finding myself a new computer that is sturdy with great body colour.,1,0
i need a computer with impressing build.,1,0
illuminated keyboard seems cool to me.,1,0
i don't have a huge budget so i need a computer with a good price.,1,0
"i do create art in photoshop, and as a result i need a computer that can handle large files perfectly.",1,0
i am sensitive to sound so i want the best sound quality on my computer.,1,0
i would look carefully with all the specs that come with the computer and i want it to boot up fast with a great price.,1,0
a light computer is what i need.,1,0
i want a computer with good screen and fast booting.,1,0
i would have the tablet for office use so it should be easy to use.,1,0
i am buying a laptop for my son so that he can play games with no problem.,1,0
i am finding a new laptop for gaming and a short boot up time is expected.,1,0
i am buying myself a new computer that is fast and built solidly.,1,0
i am getting into gaming laptop so i want one that runs most games smoothly with good specs.,1,0
the computer should be light for me to carry it around.,1,0
i am going to purchase a new computer on black friday so what i want is a computer that play games well in a low cost.,1,0
i need a computer with great screen.,1,0
i want an amazing touch pad for my computer.,1,0
i am finding a fast computer with an awesome screen.,1,0
i would not expect too much for a mid-range computer and all i want is powerful graphic card and backlit keyboard.,1,0
i need an economical laptop for my new york trip so it should have a long battery life to stay within the flight.,1,0
i am finding a laptop for myself that is superfast and light.,1,0
i want a fast computer.,1,0
a nice fingerprint scanner should be included in my new computer.,1,0
i want something that is simple to use because i don't know much about laptops.,1,0
i want the computer to perform well in games and be perfect for upgraders.,1,0
i want the computer to be light enough for me to carry it around.,1,0
i am planning to replace my old computer and the new one should come with high performance-cost ratio.,1,0
i want a quick laptop with amazing display.,1,0
i want a powerful computer to come with a low price.,1,0
i am using the laptop for small projects and i hope it has an appealing design and litup and easy-to-type keyboard.,1,0
i need to have a decent computer with a decent price.,1,0
i need a slim computer with high screen resolution but come with a reasonable price.,1,0
i do a lot of typing work so i hope the surface would be comfortable to rest my hands on.,1,0
i try to stick to one brand and i am finding a new one with a crisp screen and fast cpu.,1,0
quality and price must be balanced for my new computer.,1,0
i need a computer which can be opened as soon as possible and have strong wireless connection.,1,0
i do the computer for school work and i want it to come with slicky trackpad and good keyboard layout.,1,0
my old computer needs replacement and i hope the new one comes with great specs and run smoothly.,1,0
i need a computer for my work and i want it to be light and easy to carry for my meetings.,1,0
the build quality has to be awesome in my computer.,1,0
i do a lot of typing at night so a backlit keyboard would help me a lot.,1,0
i am changing to a new computer and i want to come with amazing speakers and comfortable keyboard.,1,0
i am buying a new computer for myself on black friday and i want it to play games well.,1,0
i checked many computers on amazon and i want to find one with high performance-cost ratio.,1,0
my old computer is not that up-to-date and i need a lighter one with a good keyboard and a good touchpad.,1,0
my old computer died suddenly and i need a new one that is fast and economical.,1,0
i would be happy to receive a quality computer with my money paid.,1,0
i don't want an overheated computer so the cooling system should be quiet and efficient.,1,0
i love computer with great design.,1,0
i want the computer to run smoothly.,1,0
i don't want to borrow my husband's computer everytime i need it so i am finding myself a new computer with a nice hard drive.,1,0
my son wants a computer that has cool colours on keyboard.,1,0
i need a new computer with high performance-cost ratio immediately because my old one is not working.,1,0
i enjoy surfing the internet with no cords needed in a good price.,1,0
my old computer needs replacement and i need the new one to have great display and stylish look.,1,0
i am planning to find a new laptop that has a good processor and build well.,1,0
our homeschooled kids need some computers with large screen for learning.,1,0
i don't work on my old computer nowadays and i need a computer with bigger keys and better keyboard.,1,0
i did a lot of research and found out having a sharp display is critical to me.,1,0
our mechanic said he needs a laptop that has a high performance-cost ratio.,1,0
i care about the feel so the computer should be solid enough.,1,0
i need a cheap computer with solid build quality and awesome cooling system.,1,0
i need a really fast computer.,1,0
i want to play games on my new computer so it should response quickly.,1,0
my old computer is too slow so i want a new one.,1,0
i am a student and i am finding an affordable computer that looks great.,1,0
i am planning to buy a laptop for my son and he wants it to be lightweight and nice looking.,1,0
a fast computer with a great price would be what i want.,1,0
my husband wants a faster computer that his current one.,1,0
i want a computer that is well designed.,1,0
"i want a computer with a high performance-cost ratio, yet it should have efficient cooling and run quietly.",1,0
i am buying a new computer for my relative and he needs a good cpu to play games well.,1,0
i need a replacement of my old computer that has a modern design and a nice screen.,1,0
"i work all time on computer so i am finding a new laptop that is fast, sleek and flat.",1,0
i like computer with nice colour.,1,0
"as a college student, i need a great computer with an amazing price.",1,0
i am in need of a new computer that comes with great battery.,1,0
i would use the laptop for my graphic design classes so i want it to be lightweight and sturdy for me to bring it to class.,1,0
i am buying a laptop for video editing and so a large ssd is necessary.,1,0
i want a aesthetically beautiful so i would be happy to carry it around.,1,0
i am looking for strong gaming laptop and it should be able to handle demanding games with a good build quality.,1,0
i am finding myself a new computer that has a sharp screen and a good bluetooth connection.,1,0
the computer should have a high performance-cost ratio.,1,0
i am new to laptop so there should be easy installation and loading.,1,0
i need a light computer that holds my 3d programmes well.,1,0
i want the computer to come with a high performance-cost ratio.,1,0
a reasaonably priced computer is what my wife needs.,1,0
my old computer needs replacement and i need a new one with a good screen size and tight and responsive keys.,1,0
the old computer doesn't have a touch screen so there should be one on my new computer.,1,0
i pay attention to gaming experience so i need a new laptop with amazing gaming performance.,1,0
"for a gamer, i need excellent graphics while running my games.",1,0
"i am looking for a new computer with great design, great keyboard and awesome sound output.",1,0
i am finding a budget gaming laptop that a responsive and nicely backlit keyboard is a must.,1,0
my old computer needs replacement and i am finding for a new computer that run games well and is easily upgradable.,1,0
my old laptop isn't working very well and i need a new one that comes with a good price.,1,0
i need to use a laptop out of my office hour so it should have good amount of ram within a limited price.,1,0
my old computer needs replacement and i am finding a thin one with awesome design.,1,0
i don't have a huge budget so the new computer should be cost-effective.,1,0
i don't really have huge budget and all i want is an affordable computer that can play games well.,1,0
i am not affordable to all computers but i want one that is fast and comes with minimal bloatware.,1,0
i need a powerful computer with solid speakers and good built quality.,1,0
i want my future computer to have plenty of storage with a high performance-cost ratio.,1,0
"i am a writer and i am looking for a computer that is fast, quiet and lightweight.",1,0
i draw on my tablet so a style pen is a must.,1,0
some right specs should be installed in the new computer.,1,0
i think design is important to a computer.,1,0
i play games on laptop and i need it to be fast.,1,0
my old computer doesn't perform games well so i need a new one.,1,0
i need a computer that comes with a high performance-cost ratio.,1,0
i cannot spend too much on the computer so i need one with a reasonable price.,1,0
i play tons of games and i am finding one that has good keyboard and trackpad and screen.,1,0
"i go to work via public transportation so it's important for me to have a compact, thin and light laptop.",1,0
i am taking the laptop to school so it must be light and last long.,1,0
i am buying my first laptop and i have thought of some requirement for it.,1,0
i am finding a new computer that runs fast and includes good viewing angles.,1,0
my son has some suggestion for me on the new computer and all i want is a big screen.,1,0
i am finding a work only computer that is fast and has plenty of memory.,1,0
i am finding a budget computer that is portable and cool.,1,0
a light and sturdy computer with a great screen is what i need.,1,0
i do multitasking all the time so it'll be good to be able to split screens on an affordable computer.,1,0
speed is the particular area i look into when purchasing a new computer.,1,0
i need a computer that comes with a slim profile dvd burner.,1,0
a backup laptop is needed and i hope it comes with great specs with low cost.,1,0
my past laptop just died a few days ago and i am in urgent for a computer that is well balanced for the price.,1,0
i like computer that feels classy and sleek.,1,0
i am trying to find a gaming laptop that goes really fast.,1,0
i need a new computer that is fast and well priced.,1,0
a cheap yet powerful computer is what i need.,1,0
now i'm in college and i need a quiet computer to work with.,1,0
my old laptop needs replacement and i need a new one that has beautiful laptop design and accommodating screen size.,1,0
i need a quick and responsive computer.,1,0
i am changing my old computer and i want a new one that is faster and more economical.,1,0
one of my flight attendent mentioned she wanted a light computer.,1,0
my family is going to have a new laptop and we are looking for a fast one with great graphics.,1,0
i need a perfect laptop for my office work in which it should be small and handy.,1,0
i do video editing so a good video card and a fast processor are expected.,1,0
"we need a perfect mobile business laptop and it should be quick, light and thin.",1,0
i am finding myself a nice computer which is fast and nicely designed.,1,0
my previous computer does no good to me so i need a new one that is lightweight with fast startup time and nice keyboard design.,1,0
my old computer is not working and i am finding something that is fast and lightweight.,1,0
i like playing games so games should be able to run fast on the new computer.,1,0
i need a low priced mechine that is easy to setyp and sound greatly.,1,0
i need everything to be fast including the startup and operating.,1,0
a good sound output is necessary.,1,0
i need a new computer for myself that is solidly built and has lots of features.,1,0
i need the computer to have a clean resolution and audio.,1,0
i need a computer to handle my school work so it should run fast.,1,0
i need a light and fast computer.,1,0
"i need a computer which include a cd drive and run fast with wifi, and of course the price should be reasonable.",1,0
i am finding a computer with great price.,1,0
i am finding myself a new computer that is fast and solidly built.,1,0
i have got a number of needs on my new computer so i am hoping for a cheap computer that fits all my needs.,1,0
i need to change my old business laptop and i am finding a model with a smooth keyboard and a nice look.,1,0
i want to have a light and sturdy computer.,1,0
my old computer is too slow and i need a new one.,1,0
i want to have a new computer that handles games well and boots up quickly.,1,0
i want to have a new gaming laptop and i want a nice display to come with it.,1,0
my brother needs a fast computer as his christmas present.,1,0
i enjoy gaming and hope the new computer works great on that.,1,0
"i need a computer come up with the 2018 standard in sound output, keyboard and trackpad.",1,0
"i want to have a new computer for myself and i need to to be sleek, light and easy to use.",1,0
speed is the aspect i look into when purchasing a new computer.,1,0
i am planning an upgrade for my wife and she needs it to be lightweight and fast.,1,0
i want a light laptop which can startup fast.,1,0
"i want to have a new computer that is lightweight, solid and has good specs.",1,0
i don't have much requirements for a new computer but i need it to run fast and setup easily.,1,0
a nice packaging and good looking computer would be nice for me.,1,0
i am looking for a computer that play games well with a reasonable price.,1,0
i hope the price fit with its performance.,1,0
i have been doing a lot of research on computers and i have been longing for a computer that is light and fast.,1,0
"for my meetings, i need a light computer with a long battery life.",1,0
i don't want the computer to be heavy or look dull.,1,0
i need to buy my wife a new computer and she wants it to be run fast and cool.,1,0
i am a performance ethusiatist and so an awesome processor is a must.,1,0
i want a faster computer than my old ones.,1,0
my old computer is too slow so i need a faster and lighter one.,1,0
the computer i want should have a high performance-cost ratio and a comfortable ips panel.,1,0
i like playing games so i hope the new computer can play games at high settings effortlessly.,1,0
i have a lot of things to be done so i need a quick processor on my computer.,1,0
i am finding a solid computer with a lighted charger.,1,0
i need to use my computer whenever i want so it's better to startup fast.,1,0
"my old laptop is not working and i am looking for a new one that is fast, portable and light.",1,0
i need a fast computer with a low budget.,1,0
i don't want the new computer to constantly lag as my previous computer.,1,0
"my old computer doesn't work anymore so i need a new computer with cool graphics, cpu, ram and ports.",1,0
i have been working in the computer industry and i am finding myself a computer with nice build quality and nice finish.,1,0
i can get a cheap computer and upgrade it later on.,1,0
i need a replacement computer that would run mush faster.,1,0
i am findinging myself a better computer with competitive specs and budget price.,1,0
i am taking the laptop to school and i want it to do fast in typing responsiveness and log in time.,1,0
my old computer doesn't work for me anymore and i am finding a new one with terrifc specs in a great price.,1,0
i need some recommendations for a computer that comes with a high performance-cost ratio.,1,0
i need a gift that is fast and economical.,1,0
i hope it would be easy to setup right out of the box.,1,0
i have got a list of requirements for my desire computer.,1,0
price is what i look into when purchasing a new computer.,1,0
i need a computer that stays within my budget.,1,0
i need a fast computer.,1,0
i do play some kinds of games and i need a new computer that work the games perfectly.,1,0
i need a computer with a high performance-cost ratio.,1,0
i need to take my computer to school so it's better to be lightweight.,1,0
the screen and touch pad should be great for my computer.,1,0
"i would just use the computer for some light use so all i need is fast, cheap and good graphics.",1,0
i need a computer that is good for multitasking.,1,0
a fast computer with a great screen resolution is what i need.,1,0
i need a big screen for my computer to make it easy to work.,1,0
i need a computer that comes with reasonable price and runs games well.,1,0
"as a student of systems engineering, i need a fast and portable computer to get my programme done.",1,0
i am finding a new computer for myself that has responsive keys and a beautiful screen.,1,0
i want to gift myself a light and portable computer.,1,0
i sometimes have long meetings so a computer with long battery life is a must.,1,0
i am looking for a new computer that comes with a high performance-cost ratio.,1,0
"the computer i need is the one with high performance-cost ratio, while having good cooling and consistent performance.",1,0
i am using the laptop for internet surfing as i need it to be lightweight and easy to setup.,1,0
i need a fast computer.,1,0
i work on webpage design so i hope the computer can work my graphic design programmes well.,1,0
i am looking for the best computer with the best price.,1,0
i am lacking money but i need a new computer that comes with a perfect price.,1,0
i am finding a computer for myself that show vivid colours and brightness.,1,0
i need a worthy computer with nice configuration.,1,0
i want some good-looking computer with good price.,1,0
my old computer has run solidly for eight years and i need a new one with a great price.,1,0
i need a new computer that run games greatly.,1,0
"i am finding a replacement computer and it should be fast, light and easy to use.",1,0
my old computer needs replacement with a lighter and faster model.,1,0
i want a fast and responsive computer.,1,0
my wife would like to have a computer with a high performance-cost ratio.,1,0
i want a computer that stay in my budget.,1,0
i need an upgrade from my old computer that i want a better processor and a decent gpu.,1,0
my current computer is not keeping up with my expectation so i need a new computer with a high performance-cost ratio.,1,0
i need a computer for everyday use that comes with a high performance-cost ratio.,1,0
i need a stylish computer for my work.,1,0
i need a computer with excellent expandability.,1,0
i have done some research on my new computer and i want a really fast one.,1,0
i need a fast computer to do video editing.,1,0
i have some criteria for my dream computer.,1,0
i don't plan to use the computer for studying so i just need the computer to play games well.,1,0
i work in it for a living and i am buying myself a economical computer that does not have a reflective screen.,1,0
i am searching a good computer for school work and i think a computer with great graphic card and plenty of storage would be perfect.,1,0
i need a replacement for my old laptop and i want a new one with good screen and nice price.,1,0
i am finding a travel laptop for my trip and it must be light and has an amazing battery life with a tiny charger.,1,0
i want a high performance-cost ratio computer with a good fingerprint scanner and good keyboard backlighting.,1,0
i want a good-looking computer with an awesome keyboard.,1,0
a nice cooling stand would be good for my computer.,1,0
i need a few criteria for my new computer.,1,0
i need a computer with great build quality.,1,0
our family computer needs a replacement and the new one should come with a right price.,1,0
my work require me to have a new computer so i am out here finding a thin computer with nice display and sturdy keyboard.,1,0
i need a computer with a reasonable price.,1,0
i am finding a new computer for my personal use that is slim and has a nice keyboard.,1,0
my old computer needs a replacement and the new one should be easy to set up while running cool.,1,0
i am looking for a replacement of my old computer which i require it to have a high performance-cost ratio.,1,0
i am going to buy a new computer and i want it to startup fast with a reasonable price.,1,0
i need the computer to have high performance-cost ratio and low power consumption and heat.,1,0
i want a new computer that comes with a high performance-cost ratio.,1,0
i want a computer that is thinner than my previous computer.,1,0
i do some light gaming and i am finding an economical computer.,1,0
a good touchscreen should be included to the computer.,1,0
i wish the computer would perform greatly in images.,1,0
i need a new computer that is fast and economical.,1,0
i have limited budget so the computer should come with a good price.,1,0
"i normally connect my laptop to my tv for gaming and i hope the new laptop do great in that, without being overheated.",1,0
i enjoy playing games and i would like the games to display well with good speaker and good graphic performance.,1,0
i need a present for my husband and i hope it can with a reasonable price.,1,0
i want to have a new computer that is easy to setup and produce good sound.,1,0
i need the look of the computer to be sleek.,1,0
what i need for school is a fast computer.,1,0
i need a sturdy computer with a beautiful screen and above-average sound quality.,1,0
i go on a lot of business travell so what i need is a computer that is light and doesn't take up much space.,1,0
i am finding a new computer that would startup quickly.,1,0
all i need is a computer that play games well.,1,0
i want to change my old computer and i need a new one with a reasonable price.,1,0
what i expect is a good computer with a high performance-cost ratio.,1,0
i play games so i need a laptop to perform well in those.,1,0
i do a lot of professional tasks so i need a computer that run tons of programmes well with a fair price.,1,0
i have a number of files that need good memory to store them.,1,0
"i am starting my graduate school and i need a laptop that is thin, light and has a great screen display.",1,0
i need a new computer that is fast and own great backlit keyboard along with a beautiful display.,1,0
"my old computer has stopped working so i need a new computer with good internal specs, also, it should be fast and have amazing battery life.",1,0
i don't play many games but i still hope the computer would play games well.,1,0
i write programmes so i need a computer that is perfect for programming.,1,0
i do virtualisation on my computer so i need a responsive laptop.,1,0
i am into coding and i need a new computer with plenty of ram and amazing build quality.,1,0
i am looking for myself a work station but can run lots of games with a good price.,1,0
i hope the new computer meet up my expectations with the money i paid.,1,0
i like sleek looking computer.,1,0
i am a software developer and i need a fast computer to run my programmes.,1,0
i would need large storage for my files.,1,0
i am looking for the heapest option for my next computer which it should be fast and light.,1,0
i like taking my laptop around so i like it to be light and good looking.,1,0
i need a computer that can run my games fine and do editing.,1,0
i want a fast computer with a nice fingerprint scanner to accelerate.,1,0
i am in need of a new computer that is responsive and snappy.,1,0
i got many good years on my old computer and now i am changing to a faster model with a good touch screen and a good screen size.,1,0
i need an excellent choice for home working and it should be elegant and fast.,1,0
i am finding for a gaming laptop that startup fast and last long with a reasonable price.,1,0
the display must be incredible on my new computer.,1,0
i hope the computer will fit with my budget.,1,0
i am using the new laptop to take appointment with my clients and i need it to startup fast and have good processor and ssd.,1,0
my old computer needs replacement and i need one that is sleek and thin.,1,0
i am in need of a new computer that is fast and slim.,1,0
my old computer is too slow so i need a new one.,1,0
i have some expectations on my new computer that it should have a good processor with enough ram.,1,0
i am buying a new gaming laptop for my husband and i want a red backlit keyboard so it would be warm and comfortable to his eyes.,1,0
i cannot carry a heavy laptop around.,1,0
i do a lot of gaming and i am in need of a new computer that perform well in that aspect.,1,0
i am an average user and i need a computer that comes with good speed.,1,0
i major in computer science and i am finding myself a quick computer.,1,0
i am considering to change my old computer and the new one should be sleek.,1,0
i am finding myself a perfect gaming laptop.,1,0
i need a fast computer.,1,0
i need a christmas present for my girlfriend and she wants a laptop that boot up fast and can be set up easily.,1,0
my old computer was on fritz so i need a new computer that is quick and easy to setup.,1,0
i use the computer for my personal use and i hope it won't heat up if overused.,1,0
i am learning a lot about processors recently and i am finding myself a fast computer with a high performance-cost ratio.,1,0
"i am buying a new laptop but i also want to do gaming on it, so it should run all games well.",1,0
i want to replace my old computer that i want one which runs fast and silently.,1,0
i need a computer with solid build quality and a reasonable price.,1,0
i need a computer to replace my old computer that should be fast and quiet.,1,0
i don't enjoy waiting so i need a computer that startup and shutdown fast.,1,0
i need a fast computer.,1,0
i will do research on the specs and i need a computer that bootup fast and silently.,1,0
"as an artist as well as a gamer, i need the laptop to be nice looking, thin and light.",1,0
i enjoy playing games on my laptop so i need a new one that have good specs with a reasonable price.,1,0
i am looking for a working laptop for myself and it should look good with a good feel of keyboard.,1,0
speed is important to me when purchasing a new computer.,1,0
i am changing my old computer that i want a faster wifi connection and bootup time.,1,0
"i want to upgrade my old computer that i want a faster, lighter and more attractive model.",1,0
i am finding a new computer for myself that is fast and has high internet connection.,1,0
i am going to find a new computer for long-term use.,1,0
i need a computer that coordinate well with my iphone.,1,0
i try to present myself with a computer that has a good price.,1,0
i have always been hoping to have a fast computer with a backlit keyboard.,1,0
i need a fast computer to do basic home stuff.,1,0
i like beautiful things so my computer should have awesome looks.,1,0
i need the computer to perform great in gaming.,1,0
i am a middle-aged man and i have lower requirements on electrical device.,1,0
i am a student and i am finding a tablet for school that has a sleek design and a crisp screen.,1,0
the computer i want should look cool and own a nice graphic card.,1,0
a nice looking computer would be suitable for me.,1,0
i am changing my old laptop and i want a fast one that is well designed and great for gaming.,1,0
my must-have feature is a backlit keyboard.,1,0
screen is the most important element to me so i want it to be sharp.,1,0
i am looking for a new computer that is lightweight and good looking.,1,0
i need a real fast computer.,1,0
i will need a laptop for software development and it should have good build quality with a decent battery life.,1,0
"everyday i need to use my laptop so i need a big screen and a great keyboard to make it comfortable, of course, it should be fast also.",1,0
i often stick on to one brand and this time i am finding a laptop that is light and has a good keypad.,1,0
a reasonable price is what i consider when buying a new computer.,1,0
i am in need of a new computer that comes with high hdd capacity and low price.,1,0
i want to replace my old computer to a better looking computer.,1,0
a computer with marvelous screen and good price is what i need right now.,1,0
our business need a computer that comes with a high performance-cost ratio.,1,0
i am taking the recommendations from my friend to find a new computer from amazon.,1,0
i need a good laptop with reasonable price.,1,0
i would do as much research as i could to find the best use of my money for a powerful computer.,1,0
i am considering to change my old computer and what i need is a computer with a high performance-cost ratio and long battery life.,1,0
i want my future computer to have a high performance-cost ratio.,1,0
i don't have much money so i need a new computer with a good price.,1,0
i need a fast computer.,1,0
i want something sleek to play my games well.,1,0
i think the design of a computer do pay attribute.,1,0
i don't really have much money but i wish to have a computer that can run games on ultra graphic settings.,1,0
i look into graphics so i need a computer that can handle heavy graphics.,1,0
i won't pay too much money for a good computer.,1,0
"i need a different computer from my current computer, which is slow and heavy.",1,0
i enjoy gaming and i am finding myself a computer that handle that with ease.,1,0
the computer i want should handle all my needs with a good price.,1,0
i need a laptop with good build.,1,0
i am going to buy a new computer and i want it to have decent graphics and storage.,1,0
i want a quick computer with reasonable price.,1,0
i travel a lot so i would like to have a sturdy and handy laptop.,1,0
my old computer is sick and so i need new one that stays cool and quiet.,1,0
i have a number of games that i would like to try on my new laptop so it should have a large storage that is great for gaming.,1,0
i need some recommendations on a cheap computer which is easy to use and able to run smoothly.,1,0
i want a nice matte finish on my new computer so no fingerprints would be attached to it.,1,0
i need a computer with a high performance-cost ratio and a large memory.,1,0
i want a computer with high performance-cost ratio.,1,0
i am finding the best computer for my money.,1,0
i pay attention to my gaming experience but i also want a low price for a good computer.,1,0
i am looking through the recommendations on amazon and want to find myself a quick computer.,1,0
my old laptop is not working and i am finding a lightweight and fast one with high performance-cost ratio.,1,0
"i will be using the laptop for work so it should be sleek, lightweight and easy to setup.",1,0
i am buying something from the black friday bargain and i want a new computer that comes with good picture and good sound quality.,1,0
my old computer doesn't last long for the battery life and i hope the new one would.,1,0
a fast computer with a high performance-cost ratio is what i need.,1,0
i know something about computer and all i want is a good-looking computer that play games well.,1,0
i need a computer with a reasonable price.,1,0
"for my gaming laptop, i want it to have a beautiful design.",1,0
i am a console gamer but now i am finding a gaming laptop that has amazing speed and awesome graphics.,1,0
the temperature of the computer should be low while i am using it.,1,0
i don't have an unlimited budget so i want a computer with a large screen and a fast processor.,1,0
my next semester is coming and i am finding a new computer to cope with the work.,1,0
i need a good keypad on my computer to get my job done.,1,0
i am buying the computer for my family so i need a nice screen to protect their eyes.,1,0
i use laptop to watch movies so a large screen and clear pictures are necessary.,1,0
i am switching my old computer to a quicker and lighter one.,1,0
i need the processor to be fast and responsive on my next computer.,1,0
i would be grateful to pay as long as the computer lives up to my expectation.,1,0
"the computer i want should startup fast, cool and quietly.",1,0
weight is important to me when purchasing a laptop.,1,0
i donâ€™t want my current computer anymore and i am looking for a new one coming with the perfect keyboard and screen.,1,0
i am finding myself a new computer that has a fast refresh rate and good video card.,1,0
i need a fast computer.,1,0
i am buying a laptop for my daughter and she wants it to be lightweight with a high performance-cost ratio.,1,0
"i want to get a computer that is slim, light, fast and great looking.",1,0
a computer which can quickly download stuff is which i need.,1,0
i need a light computer which can turn on fast and run cool.,1,0
i do a lot of research before buying a new laptop and i want it to be fast and easy to setup and use.,1,0
i treasure every hour of work so i need a fast computer.,1,0
i want to change my old computer and i want a fast computer with reasonable price.,1,0
i want to buy a new laptop so i can share it with my wife.,1,0
i have to do homework at night so it's better to include a backlit keyboard.,1,0
i am finding myself a new computer without a ton of bloatware.,1,0
my dream gaming laptop is the one that runs games well.,1,0
i am in need of a new computer that is sleek and compact.,1,0
i am looking for a computer that fulfil my data science demand and it should come with an awesome keyboard.,1,0
i need a computer that is easy to get started.,1,0
i need to change my old laptop and i need one that run quietly and cool.,1,0
we are finding a new computer with a reasonable price.,1,0
i need a computer with high performance-cost ratio.,1,0
my wife need a computer to do her college work and she needs it to bootup fast and play games well.,1,0
i will need a functional computer.,1,0
i am a student and i need a recommendation for a lightweight and thin computer.,1,0
i need a light computer.,1,0
"i tend to choose brand with good reputation and i want a sleek, new computer that comes with the perfect size and a ergonomic keyboard.",1,0
the computer i need should have a high performance-cost ratio and be solidly constructed.,1,0
all i need on a computer is high bootup speed and great graphics.,1,0
i am getting a new tablet for my online college so i need a big screen and a nice pen.,1,0
i want to have a new computer that is easy to setup.,1,0
i am in college and i need a sturdy and solid computer that comes with a high response rate.,1,0
i want a computer with good performance and low cost.,1,0
i enjoy playing games on my laptop so i hope the laptop do magnificent job of graphics and gameplay.,1,0
i am taking the laptop to school and i want it to have a good selection of ports for my use.,1,0
i am finding a replacement for a higher performance-cost ratio.,1,0
i need a good piece of computer with a low cost.,1,0
i am finding the best computer with my limited budget.,1,0
i am finding for a new gaming laptop.,1,0
"the current computer is not working and i want a new one that is slim, light and well crafted.",1,0
i do a lot of typing so the keys should be wonderful.,1,0
my old computer is not working properly so i want a computer with a higher performance-cost ratio.,1,0
i want the computer to be quiet and stay cool while playing games with a high perfomance-cost ratio.,1,0
i am finding a sturdy computer with a nice keyboard.,1,0
i do a lot of typing at night so it would be good if the keys are highly visible at night.,1,0
i do literally everything on my laptop so i hope it to be easily upgradable and have a reasonable price.,1,0
i would use the computer for light gaming so i hope the computer would play games well.,1,0
i use cad programmes so i am finding a computer that run those programmes well.,1,0
i am going back to college later and so i need a laptop with a huge screen and a number pad on the keyboard.,1,0
i am in need of a new computer and it should work fantasticly for games.,1,0
i am finding a fantastic bargain for my gaming computer.,1,0
i need the laptop to look much as a pc so it should have a full keyboard and a good touchscreen.,1,0
i play games on laptop and i am finding a professional computer for that.,1,0
i have a kid in school and i am buying him a new laptop with a chassis texture.,1,0
i am finding myself a light and fast computer.,1,0
i need a great screen to better do my spreadsheets.,1,0
i donâ€™t have much money so i need a computer that comes with a great price.,1,0
i need a powerful laptop to bring to class so it should be small but with a big screen for multitasking.,1,0
i need the specs to be perfect on my computer that means for the screen and the touchpad.,1,0
i am finding my first laptop in college and i need it to have excellent visual fidelity and a full keyboard.,1,0
my old computer lasts for five years and now i am finding a new one with large storage and high performance-cost ratio.,1,0
i need a computer with a good trackpad and battery life which can max out any games.,1,0
"i need a computer which has an excellent keyboard and a great screen, but also not too attractive to eyeballs.",1,0
i want a well-built computer.,1,0
i play lots of games and i'm finding a new computer that run fast of all my games.,1,0
"once i find a computer that fits my needs, i am willing to spend the appropiate amount of money.",1,0
"i don't have much requirement for my new computer, it just need to be cheap.",1,0
"as a person who is into light gaming and video editing, i need a computer that goes perfect for both the aspect.",1,0
i am taking a laptop that is travel-friendly and lightweight.,1,0
my family and i need a fast computer with a high performance-cost ratio.,1,0
my computer doesn't play my games well so i need a new one that plays games with no stutters.,1,0
a thin and light computer is preferable.,1,0
i need a fast laptop with good configuration.,1,0
i am buying a christmas present for my daughter and she wants it to be fast to meet her needs.,1,0
i haven't been using a laptop for a while and it would be good to be easy to set up.,1,0
i need a fast and lightweight computer.,1,0
i have got a lot of photos and i need a roomy device for that.,1,0
i surf the internet all day and i am finding a new laptop that do fast in that.,1,0
i need to take a laptop to my internship and i hope it comes with reasonable price and nice look.,1,0
speed is what i look into when purchasing a new computer.,1,0
i am replacing my old computer and i want a lighter and more sturdy one.,1,0
i am a software developer and i am finding a new computer that can run idss with no glitch in a low cost.,1,0
i need a fast computer.,1,0
i depend on reliable resources to make up my decision on a new computer.,1,0
i don't have a huge budget for my new computer so it should come with a good price.,1,0
i have never had a laptop before and so i am finding one that can run games with an amazing battery life.,1,0
i need a good keyboard for my typing work.,1,0
an adequate screen should be installed on the computer.,1,0
a fast computer is what i need.,1,0
i am a student and i want a computer that has a powerful quad core and sturdy construction.,1,0
i need a computer that powers up smoothly with a reasonable price.,1,0
my work requires for a better computer that comes with a sturdy keyboard with useful backlighting.,1,0
i will use the computer for gaming and i hope there would be a sharp display and a high refresh rate.,1,0
i don't have much money so good price is important for a new computer.,1,0
a good design and a cool keyboard should be applied to the computer.,1,0
i do basic business application on my laptop so i need sufficient amount of ram and large drive of my data.,1,0
i am waiting for my husband to buy me a lightweight computer that has the perfect size.,1,0
"i am finding a new computer that is light, handy and easy to use.",1,0
i have some light use of the computer and i hope the price wonâ€™t be too expensive.,1,0
i am going to find a fast computer for myself.,1,0
i need a fast computer.,1,0
i do video editing so the computer should work great with that.,1,0
i need a nice backlit keyboard to do work at night.,1,0
"i do pay attention to user response on computer and i am finding one that is quick, light and slim.",1,0
i want a computer that have great specs and amazing cooling.,1,0
my old computer is not working and i need a new one that bootup fast.,1,0
i need the computer to boot up fast.,1,0
i need a laptop that fit in my budget with cool looking and ability to play games without issues.,1,0
i know what i need for my new computer: good size and bright screen.,1,0
i want to have a new computer for myself.,1,0
i want the new computer to come with a cool touch screen.,1,0
i am replacing my old laptop for a better-sized laptop.,1,0
i don't want to have much bloatware on my computer.,1,0
i was looking to upgrade my old computer but eventually i decided i would just find a new computer that is more upgradable.,1,0
i use my laptop for school so i need it to be light and sleek.,1,0
i am not finding a fancy computer but a powerful computer with a low cost.,1,0
i am a student and i want to find a fast and light computer for my everday use.,1,0
i focus on the design of a laptop very much so a beautiful finish and a beautiful screen is a must.,1,0
we need a new laptop for cctv management and it should bootup fast and have a good battery life.,1,0
the computer i need is the one which can be opened up and upgraded easily and have a good build quality.,1,0
i am purchasing a new computer mainly for gaming so it should play games smoothly and have a gorgeous screen.,1,0
i am purchasing a new computer to replace my old one and the new one should come with mosterous storage capacity and high performance-cost ratio.,1,0
i tend to use my next computer for a long time so the graphics ought to be beautiful.,1,0
i am trying to find a new gaming laptop that plays my games fast and quietly.,1,0
i need a new computer that has a high performance-cost ratio.,1,0
i need a new computer for myself that is lightweight and fast.,1,0
i would need enough ports for charging and for further installment.,1,0
i am replacing my old computer with a lighter one.,1,0
i want to find a laptop that can play games with my friends so i need it to have great performance for gaming and be cheap.,1,0
it would be enjoyable to have a computer that is speedy with an amazing sound system.,1,0
i want to get to use the computer as soon as possible so it's better to have some pre-loaded software.,1,0
i need a nice computer for my work and it should come with awesome specs with a great price.,1,0
i need some good specs on the computer for my business.,1,0
i only have simple needs on my laptop so it just has to be lightweight and economical.,1,0
i need the computer to boot up fast to meet my needs.,1,0
i have limited budget so i need a new computer with great price.,1,0
speed is what i concern when purchasing a new computer.,1,0
i need the screen to be nice and big while maintaining a light weight.,1,0
i am in a nursery school and i use my laptop several hours a day.,1,0
i do photo editing and i am finding a computer that boot fast and run quietly.,1,0
a good touch screen should be installed on my new computer.,1,0
the computer i want should handle my games with ease and run super fast.,1,0
i don't require much for my new computer but speed is important.,1,0
i am finding myself a new computer that is light and come with nice size.,1,0
my old laptop has a broken screen and i want a more good looking one.,1,0
i can't use my old computer anymore and i need a new one that is fast and reasonably priced.,1,0
i need a computer that immdiately wakes when i use it.,1,0
my desire computer should own a great keyboard and a powerful cooling system.,1,0
i need a new computer for myself and i want it to come with superb build quality.,1,0
"my old computer needs replacement and i need the new one to be lightweight, quick and economical.",1,0
the only requirement i have for my computer is it has to be easy to use.,1,0
i do multitasking so i need a good system to come with the laptop.,1,0
my household has different needs for a computer and so it should be fast and have great graphics.,1,0
i usually stick to one brand when it comes to computer and now i want a computer that runs cool and be easily upgradable.,1,0
i want a high performance-cost ratio computer which can do fast start-up.,1,0
a fast computer with a responsive touchscreen is what i need.,1,0
i would use the new computer with my wife so i want it to look sleek and have a good speaker.,1,0
i want to have a new laptop that is lightweight with a great battery.,1,0
i am trying to upgrade from an old computer that i need the new one to be thinner and lighter and more economical.,1,0
i plan to have a great bargain on a new computer.,1,0
my old computer is too heavy and doesn't last long so i need a new one.,1,0
i want to purchase a computer that is portable and lightweight.,1,0
"i am changing my old computer and i want the new to be quick, responsive and economical.",1,0
i need a eye-catching display and a satisfying backlit keyboard for the computer.,1,0
i am changing my old computer to a more classy-looking one.,1,0
a computer with a high performance-cost ratio is what i need.,1,0
i need a new computer for work so everything should be fast including the bootup.,1,0
"for an everyday use computer, i need it to have good colour with great price.",1,0
i am finding myself a great computer that is solid and priced greatly.,1,0
"i am buying a new laptop for my husband and he wants it to be lightweight, clear and sharp.",1,0
i would like to have great colour on my computer.,1,0
i recently need a new computer that comes with high speed and minimal bloatware.,1,0
i need a computer that is easy to setup and come with a high quality monitor.,1,0
i need a good video card to go with my computer.,1,0
i lost my old taplet so i am finding for a new one that show awesome graphics.,1,0
i need a computer with high performance-cost ratio.,1,0
my gaming niece wants some right specs for his computer.,1,0
i want a replacement for my old computer and i need a new one that comes with amazing build quality.,1,0
i wish i would be happy with the money i spent for a perfect computer.,1,0
i need a work horse that is light and quiet and easy to use.,1,0
i am buying a computer as christmas present for my son and he specifies that it has to be great for games.,1,0
i need a fast computer.,1,0
i am finding a new computer that have good specs but low price.,1,0
i want to spend as less as possible on my new laptop.,1,0
"as a college student, i am finding an affordable laptop which has a solid construction.",1,0
"i am in need of a new computer that is slim, portable and affordable.",1,0
i want a computer with long battery life.,1,0
i need a vivid development platform that is lightweight and has a nice backlit keyboard.,1,0
the only thing i require on my computer is great specs with decent price.,1,0
the screen should be gorgeous and responsive on my computer.,1,0
my computer just recently broke down so i need a new computer immediately.,1,0
i need a quiet computer with high performance-cost ratio.,1,0
the computer should be light.,1,0
i need a strong upgrade from my old computer that is faster and has better screen.,1,0
i am currently running out of savings but i want a nice computer with a nice price.,1,0
i am buying a new computer for my wife and so the computer should play games with no problems.,1,0
specs are important aspect that i look into when purchasing a new computer.,1,0
i need a recommendation of a handy and light computer for my sister.,1,0
i am finding a new computer with amazing boosted frequency and useful amount of ram.,1,0
i need a computer with a reasonable price.,1,0
"i need something to bring to work and i hope it would be thin, light and sturdy.",1,0
i am looking for recommendation on a fast computer with fantastic price.,1,0
i did a lot of research on my new computer and my wish is to have a fast computer that play games well.,1,0
i want to have a new computer that comes with the highest performance-cost ratio.,1,0
"i will use the computer for general school work thus i need it to be lightweight, fast and portable.",1,0
my wife needs a new computer and i am planning to gift her one that have nicely arranged keyboard and low cost.,1,0
i want a fast and light computer.,1,0
my old computer is not working anymore and i am finding a new computer with a nice price.,1,0
"it would be pleasant to have been able to use the computer as soon as possible, so it should be easy to set up.",1,0
i am going through a replacement of my old computer and i want the new one to come with good specs and great display colour.,1,0
my old computer doesn't work for me anymore and i need a fast one with lots of space.,1,0
the hard drive of my old computer died so i need a new one with large storage and reasonable price.,1,0
i am new to gaming laptop and i want some really good red back-lit keys because that looks cool.,1,0
i need a fast computer.,1,0
i need the computer to come with microsoft programmes.,1,0
i need some recommendations for an awesome gaming laptop.,1,0
the computer i am buying must be fast.,1,0
photo editing is my job so i would need a computer that have good screen resolution.,1,0
i need a computer that comes with low price and high specs.,1,0
i need a computer with a good hardware.,1,0
i don't enjoy waiting so i need the computer to startup fast.,1,0
i need a new gaming laptop with some good build quality.,1,0
i am becoming a coder and i need a new computer that is sleek and has large storage space.,1,0
i am looking for a quiet computer with a good price.,1,0
my old computer is not working and i need a fast and well built one.,1,0
i am finding a all-rounded computer that is sturdy and has great design.,1,0
the computer i will be using should be light and have thin edges.,1,0
specs ought to be good on my computer.,1,0
i need a plain notebook without those flashy light but still keep a beautiful design.,1,0
i have got a lot of documents from my work so i need a new computer that can store all those files with a reasonable price.,1,0
my old computer is starting to be unreliable so i need a new one that has lots of space yet running fast.,1,0
the computer i will be using should have a high performance-cost ratio.,1,0
"the computer should have great build quality and specs, but also with a good price.",1,0
i am finding myself a fast computer.,1,0
i am buying a laptop for my brother who just entered into college and the amount of storage ought to be more than enough.,1,0
i need a solid hard drive to run everything smoothly.,1,0
i am changing my old computer and i want the new one to be easy to upgrade with a high performance-cost ratio.,1,0
"my old computer needs replacement and the new one should come with a big screen, sleek design and wonderful keyboard lighting.",1,0
i plan to do some laptop gaming so it should play games well and fast.,1,0
my wife says she needs a computer that is easy to use and works well with wifi.,1,0
"i need the computer to do well in gaming and editing, of course with a good price also.",1,0
i do basic browsing and i am finding a cheap computer which comes up with the performance.,1,0
i need a state-of-the-art laptop that comes with a low price.,1,0
i need a computer to do typical home computer work and it should be light and has a bright screen.,1,0
a computer that runs games well with a low cost is what i needed.,1,0
i need a new computer that is easy to setup with a high performance-cost ratio.,1,0
i need some recommendations on a fast computer.,1,0
my old computer does not work as great as it was so i am finding a new one with a beautiful screen and good build quality.,1,0
i pay many effort into investigating computers and now i want a sturdy and portable one.,1,0
i want a light computer.,1,0
i need a handy computer.,1,0
the computer should have a light but large enough screen accomplished with speed.,1,0
i read a lot of reviews and i decided i would buy a computer that is fast with a budget price.,1,0
i do spreadsheets all day and i want to find myself a computer with a high performance-cost ratio.,1,0
i need a light computer with a good screen.,1,0
i hope the money i spent would be exchanged for a good computer.,1,0
i want a computer that is able to run games at a high-ultra setting without getting too hot.,1,0
i am looking for a mother's day present that is easy to setup.,1,0
i produce music so i hope the new computer works great for the software with a reasonable price.,1,0
i expect my new computer will be fast and reasonably priced.,1,0
"as long as the price is reasonable, i would be happy to pay for a powerful computer.",1,0
my old laptop is not working and i am finding a new one that has good amount of ram and storage.,1,0
i want an economical and fast computer.,1,0
i am finding something new to replace my old computer that has a higher portability and better display.,1,0
"the computer should boot up and connect to the wifi in a super fast way, but i don't want the price to be too high and the diplay should be great also.",1,0
a lightweight computer is what i need.,1,0
